,Rk,Player,Tm,2020-21,2021-22,2022-23,2023-24,2024-25,2025-26,Signed Using,Guaranteed
0,1,Stephen Curry,GSW,"$43,006,362","$45,780,966",,,,,Bird Rights,"$88,787,328"
1,2,Russell Westbrook,WAS,"$41,358,814","$44,211,146","$47,063,478",,,,Bird Rights,"$85,569,960"
2,3,Chris Paul,PHO,"$41,358,814","$44,211,146",,,,,Bird Rights,"$41,358,814"
3,4,John Wall,HOU,"$41,254,920","$44,310,840","$47,366,760",,,,Bird Rights,"$85,565,760"
4,5,James Harden,BRK,"$40,824,000","$43,848,000","$46,872,000",,,,Bird Rights,"$84,672,000"
5,6,LeBron James,LAL,"$39,219,565","$41,180,544","$44,474,988",,,,Cap Space,"$124,875,097"
6,7,Kevin Durant,BRK,"$39,058,950","$40,918,900","$42,778,850",,,,Sign and Trade,"$79,977,850"
7,8,Paul George,LAC,"$35,450,412","$39,344,970","$42,492,568","$45,640,165","$48,787,763",,Maximum Salary,"$162,928,115"
8,9,Klay Thompson,GSW,"$35,361,360","$37,980,720","$40,600,080","$43,219,440",,,Bird Rights,"$157,161,600"
9,10,Mike Conley,UTA,"$34,504,132",,,,,,Cap Space,"$34,504,132"
10,11,Jimmy Butler,MIA,"$34,379,100","$36,016,200","$37,653,300",,,,Sign and Trade,"$70,395,300"
11,12,Kemba Walker,BOS,"$34,379,100","$36,016,200","$37,653,300",,,,Sign and Trade,"$70,395,300"
12,13,Kawhi Leonard,LAC,"$34,379,100","$36,016,200",,,,,Cap Space,"$34,379,100"
13,14,Tobias Harris,PHI,"$33,517,241","$36,000,000","$38,482,759","$40,965,517",,,Bird Rights,"$148,965,517"
14,15,Kyrie Irving,BRK,"$33,329,100","$34,916,200","$36,503,300",,,,Cap space,"$104,748,600"
15,16,Khris Middleton,MIL,"$33,051,724","$35,500,000","$37,948,276","$40,396,552",,,Bird Rights,"$106,500,000"
16,17,Anthony Davis,LAL,"$32,742,000","$35,361,360","$37,980,720","$40,600,080","$43,219,440",,Bird,"$146,684,160"
17,18,Blake Griffin,DET,"$33,685,241","$29,764,126",,,,,,"$62,219,691"
18,19,Damian Lillard,POR,"$31,626,953","$43,750,000","$47,250,000","$50,750,000","$54,250,000",,1st Round Pick,"$227,626,953"
19,20,Kevin Love,CLE,"$31,300,000","$31,300,000","$28,900,000",,,,Bird Rights,"$91,500,000"
20,,,,Salary,Salary,Salary,Salary,Salary,Salary,,
21,Rk,Player,Tm,2020-21,2021-22,2022-23,2023-24,2024-25,2025-26,Signed Using,Guaranteed
22,21,Kyle Lowry,TOR,"$30,000,000",,,,,,Bird Rights,"$30,000,000"
23,22,Joel Embiid,PHI,"$29,542,010","$31,579,390","$33,616,770",,,,1st Round Pick,"$94,738,170"
24,23,Andrew Wiggins,GSW,"$29,542,010","$31,579,390","$33,616,770",,,,1st Round Pick,"$94,738,170"
25,24,Kristaps PorziÅ†Ä£is,DAL,"$29,467,800","$31,650,600","$33,833,400","$36,016,200",,,Bird Rights,"$94,951,800"
26,25,Devin Booker,PHO,"$29,430,000","$31,610,000","$33,790,000","$35,970,000",,,1st round pick,"$130,800,000"
27,26,Karl-Anthony Towns,MIN,"$29,430,000","$31,610,000","$33,790,000","$35,970,000",,,1st Round Pick,"$128,620,000"
28,27,CJ McCollum,POR,"$29,354,152","$30,864,198","$33,333,333","$35,802,469",,,1st Round Pick,"$129,354,152"
29,28,Ben Simmons,PHI,"$29,250,000","$31,590,000","$33,930,000","$36,270,000","$38,610,000",,1st Round pick,"$169,650,000"
30,29,Jamal Murray,DEN,"$29,250,000","$31,590,000","$33,930,000","$36,270,000","$38,610,000",,1st Round pick,"$169,650,000"
31,30,Pascal Siakam,TOR,"$29,000,000","$31,320,000","$33,640,000","$35,960,000",,,1st Round pick,"$129,920,000"
32,31,Bradley Beal,WAS,"$28,751,775","$34,502,130","$37,262,300",,,,Cap Space,"$63,253,905"
33,32,Andre Drummond,CLE,"$29,546,311",,,,,,,"$28,751,775"
34,33,D'Angelo Russell,MIN,"$28,649,250","$30,013,500","$31,377,750",,,,Sign and Trade,"$90,040,500"
35,34,Nikola JokiÄ‡,DEN,"$28,542,009","$30,510,423","$32,478,837",,,,Bird Rights,"$91,531,269"
36,35,Gordon Hayward,CHO,"$28,500,000","$29,900,000","$30,100,000","$31,500,000",,,Sign and Trade,"$120,000,000"
37,36,Otto Porter,ORL,"$28,489,239",,,,,,Bird Rights,"$28,489,239"
38,37,DeMar DeRozan,SAS,"$27,739,975",,,,,,Cap Space,"$27,739,975"
39,38,Giannis Antetokounmpo,MIL,"$27,528,090","$39,344,970","$42,492,568","$45,640,165","$48,787,763","$51,935,360",1st Round Pick,"$203,793,556"
40,39,Steven Adams,NOP,"$27,528,090","$17,073,171","$17,926,829",,,,1st Round Pick,"$62,528,090"
41,40,Al Horford,OKC,"$27,500,000","$27,000,000","$26,500,000",,,,Cap Space,"$69,000,000"
42,,,,Salary,Salary,Salary,Salary,Salary,Salary,,
43,Rk,Player,Tm,2020-21,2021-22,2022-23,2023-24,2024-25,2025-26,Signed Using,Guaranteed
44,41,Brandon Ingram,NOP,"$27,285,000","$29,467,800","$31,650,600","$33,833,400","$36,016,200",,Bird,"$158,253,000"
45,42,Rudy Gobert,UTA,"$26,525,281","$35,344,828","$38,172,414","$41,000,000","$43,827,587","$46,655,173",1st Round Pick,"$184,870,110"
46,43,Jrue Holiday,MIL,"$26,131,111","$30,133,333","$32,393,333","$34,653,333","$36,913,333",,Bird Rights,"$123,311,110"
47,44,Nikola VuÄeviÄ‡,CHI,"$26,000,000","$24,000,000","$22,000,000",,,,Bird Rights,"$72,000,000"
48,45,Buddy Hield,SAC,"$24,431,818","$22,477,273","$20,522,727","$18,568,182",,,1st Round pick,"$86,000,000"
49,46,Jaylen Brown,BOS,"$22,991,071","$24,830,357","$26,669,643","$28,508,929",,,1st Round pick,"$103,000,000"
50,47,Draymond Green,GSW,"$22,246,956","$24,026,712","$25,806,469","$27,586,225",,,Bird Rights,"$72,080,137"
51,48,Harrison Barnes,SAC,"$22,215,909","$20,284,091","$18,352,273",,,,Bird Rights,"$60,852,273"
52,49,Fred VanVleet,TOR,"$21,250,000","$19,675,926","$21,250,000","$22,824,074",,,Bird,"$62,175,926"
53,50,Victor Oladipo,MIA,"$21,000,000",,,,,,1st Round Pick,"$21,000,000"
54,51,Malcolm Brogdon,IND,"$20,700,000","$21,700,000","$22,600,000",,,,Sign and Trade,"$65,000,000"
55,52,Danilo Gallinari,ATL,"$19,500,000","$20,475,000","$21,450,000",,,,Sign and Trade,"$44,975,000"
56,53,Zach LaVine,CHI,"$19,500,000","$19,500,000",,,,,Cap space,"$39,000,000"
57,54,Gary Harris,ORL,"$19,160,714","$20,482,143",,,,,1st Round Pick,"$39,642,857"
58,55,Jerami Grant,DET,"$19,047,619","$20,000,000","$20,952,381",,,,Sign and Trade,"$60,000,000"
59,56,Tim Hardaway Jr.,DAL,"$18,975,000",,,,,,Cap space,"$18,975,000"
60,57,Terry Rozier,CHO,"$18,900,000","$17,905,263",,,,,Sign and Trade,"$36,805,263"
61,58,Julius Randle,NYK,"$18,900,000","$19,800,000",,,,,Cap Space,"$22,900,000"
62,59,LaMarcus Aldridge,SAS,"$19,078,340",,,,,,,"$18,200,000"
63,60,Aaron Gordon,DEN,"$18,136,364","$16,409,091",,,,,Bird Rights,"$34,545,455"
64,,,,Salary,Salary,Salary,Salary,Salary,Salary,,
65,Rk,Player,Tm,2020-21,2021-22,2022-23,2023-24,2024-25,2025-26,Signed Using,Guaranteed
66,61,Myles Turner,IND,"$18,000,000","$18,000,000","$18,000,000",,,,1st Round pick,"$54,000,000"
67,62,Bogdan BogdanoviÄ‡,ATL,"$18,000,000","$18,000,000","$18,000,000","$18,000,000",,,Cap Space,"$54,000,000"
68,63,Goran DragiÄ‡,MIA,"$18,000,000","$19,440,000",,,,,Bird,"$18,000,000"
69,64,Bojan BogdanoviÄ‡,UTA,"$17,850,000","$18,700,000","$19,550,000",,,,Cap Space,"$56,100,000"
70,65,Domantas Sabonis,IND,"$17,187,500","$18,562,500","$19,937,500","$21,312,500",,,1st Round pick,"$77,000,000"
71,66,Ricky Rubio,MIN,"$17,000,000","$17,809,524",,,,,Cap Space,"$34,809,524"
72,67,Evan Fournier,BOS,"$17,000,000",,,,,,Cap Space,"$17,000,000"
73,68,Eric Bledsoe,NOP,"$16,875,000","$18,125,000","$19,375,000",,,,Bird Rights,"$38,900,000"
74,69,Eric Gordon,HOU,"$16,869,276","$18,218,818","$19,568,360","$20,917,902",,,Cap Space,"$54,656,454"
75,70,Gorgui Dieng,MEM,"$17,587,688",,,,,,,"$16,587,688"
76,71,Caris LeVert,IND,"$16,203,704","$17,500,000","$18,796,296",,,,1st Round pick,"$52,500,000"
77,72,Joe Harris,BRK,"$16,071,429","$17,357,143","$18,642,857","$19,928,571",,,Bird,"$72,000,000"
78,73,James Johnson,NOP,"$16,047,100",,,,,,Cap space,"$16,047,100"
79,74,Clint Capela,ATL,"$16,000,000","$17,103,448","$18,206,897",,,,Bird Rights,"$51,310,345"
80,75,Dennis SchrÃ¶der,LAL,"$15,500,000",,,,,,1st Round Pick,"$15,500,000"
81,76,Cody Zeller,CHO,"$15,415,730",,,,,,1st Round Pick,"$15,415,730"
82,77,Danny Green,PHI,"$15,365,854",,,,,,Cap Space,"$15,365,854"
83,78,DÄvis BertÄns,WAS,"$15,000,000","$16,000,000","$16,000,000","$17,000,000","$16,000,000",,Bird,"$75,000,000"
84,79,Jonas ValanÄiÅ«nas,MEM,"$15,000,000","$14,000,000",,,,,Bird Rights,"$29,000,000"
85,80,Andre Iguodala,MIA,"$15,000,000","$15,000,000",,,,,Bird Rights,"$15,000,000"
86,,,,Salary,Salary,Salary,Salary,Salary,Salary,,
87,Rk,Player,Tm,2020-21,2021-22,2022-23,2023-24,2024-25,2025-26,Signed Using,Guaranteed
88,81,Marcus Morris,LAC,"$14,883,721","$15,627,907","$16,372,093","$17,116,279",,,Non Bird,"$64,000,000"
89,82,Kelly Oubre Jr.,GSW,"$14,375,000",,,,,,Bird Rights,"$14,375,000"
90,83,Dejounte Murray,SAS,"$14,285,714","$15,428,571","$16,571,429","$17,714,286",,,1st Round pick,"$64,000,000"
91,84,Rudy Gay,SAS,"$14,000,000",,,,,,Early Bird Rights,"$14,000,000"
92,85,Taurean Prince,CLE,"$13,942,308","$15,057,692",,,,,1st Round pick,"$29,000,000"
93,86,Will Barton,DEN,"$13,920,000","$14,880,000",,,,,Bird Rights,"$13,920,000"
94,87,Thaddeus Young,CHI,"$13,545,000","$14,190,000",,,,,Cap space,"$19,545,000"
95,88,Terrence Ross,ORL,"$13,500,000","$12,500,000","$11,500,000",,,,Bird Rights,"$37,500,000"
96,89,Marcus Smart,BOS,"$13,446,428","$14,339,285",,,,,Bird Rights,"$27,785,713"
97,90,Patrick Beverley,LAC,"$13,333,333","$14,320,988",,,,,Bird Rights,"$27,654,321"
98,91,Malik Beasley,MIN,"$13,325,895","$14,391,964","$15,458,035","$16,524,106",,,Bird,"$43,175,894"
99,92,Patty Mills,SAS,"$13,285,714",,,,,,Bird Rights,"$13,285,714"
100,93,Christian Wood,HOU,"$13,015,874","$13,666,667","$14,317,459",,,,Sign and Trade,"$41,000,000"
101,94,J.J. Redick,DAL,"$13,013,700",,,,,,Cap Space,"$13,013,700"
102,95,Justise Winslow,MEM,"$13,000,000","$13,000,000",,,,,1st Round Pick,"$13,000,000"
103,96,Trevor Ariza,MIA,"$12,800,000",,,,,,Cap Space,"$1,800,000"
104,97,Brook Lopez,MIL,"$12,697,675","$13,302,325","$13,906,976",,,,Cap Space,"$39,906,976"
105,98,Dion Waiters,MEM,"$12,650,000",,,,,,,"$12,650,000"
106,99,Cory Joseph,DET,"$12,600,000","$12,600,000",,,,,Cap Space,"$12,600,000"
107,100,Markelle Fultz,ORL,"$12,288,697","$16,500,000","$16,500,000","$17,000,000",,,1st Round Pick,"$47,288,697"
108,,,,Salary,Salary,Salary,Salary,Salary,Salary,,
109,Rk,Player,Tm,2020-21,2021-22,2022-23,2023-24,2024-25,2025-26,Signed Using,Guaranteed
110,101,Kelly Olynyk,HOU,"$12,198,243",,,,,,Cap space,"$12,198,243"
111,102,Tony Snell,ATL,"$12,178,571",,,,,,Cap space,"$12,178,571"
112,103,Robert Covington,POR,"$12,138,345","$12,975,471",,,,,Cap Space,"$25,113,816"
113,104,Kentavious Caldwell-Pope,LAL,"$12,073,020","$13,038,862","$14,004,703",,,,Early Bird,"$30,000,000"
114,105,Jusuf NurkiÄ‡,POR,"$12,000,000","$12,000,000",,,,,Bird Rights,"$16,000,000"
115,106,T.J. Warren,IND,"$11,750,000","$12,690,000",,,,,1st Round Pick,"$24,440,000"
116,107,Larry Nance Jr.,CLE,"$11,709,091","$10,690,909","$9,672,727",,,,1st Round pick,"$32,072,727"
117,108,Jordan Clarkson,UTA,"$11,500,000","$12,420,000","$13,340,000","$14,260,000",,,Bird,"$37,260,000"
118,109,Spencer Dinwiddie,BRK,"$11,454,048","$12,302,496",,,,,Minimum Salary,"$11,454,048"
119,110,Dillon Brooks,MEM,"$11,400,000","$12,200,000","$11,400,000",,,,MLE,"$35,000,000"
120,111,Lonzo Ball,NOP,"$11,003,782",,,,,,1st Round Pick,"$11,003,782"
121,112,Norman Powell,POR,"$10,865,952","$11,615,328",,,,,Cap Space,"$10,865,952"
122,113,Joe Ingles,UTA,"$10,863,637","$14,000,000",,,,,Bird Rights,"$24,863,637"
123,114,Josh Richardson,DAL,"$10,800,000","$11,600,000",,,,,Minimum Salary,"$10,800,000"
124,115,Jeremy Lamb,IND,"$10,500,000","$10,500,000",,,,,Cap Space,"$21,000,000"
125,116,DeAndre Jordan,BRK,"$10,375,678","$9,881,598","$9,821,842",,,,Cap space,"$30,079,118"
126,117,Zion Williamson,NOP,"$10,245,480","$10,733,400","$13,534,817",,,,1st Round Pick,"$10,245,480"
127,118,Dwight Powell,DAL,"$10,185,185","$11,000,000","$11,814,815",,,,Cap Space,"$33,000,000"
128,119,Rodney Hood,TOR,"$10,047,450","$10,851,246",,,,,Early Bird,"$10,047,450"
129,120,Deandre Ayton,PHO,"$10,018,200","$12,632,950",,,,,1st Round Pick,"$22,651,150"
130,,,,Salary,Salary,Salary,Salary,Salary,Salary,,
131,Rk,Player,Tm,2020-21,2021-22,2022-23,2023-24,2024-25,2025-26,Signed Using,Guaranteed
132,121,TomÃ¡Å¡ SatoranskÃ½,CHI,"$10,000,000","$10,000,000",,,,,Sign and Trade,"$15,000,000"
133,122,Paul Millsap,DEN,"$10,000,000",,,,,,Bird,"$10,000,000"
134,123,Jayson Tatum,BOS,"$9,897,120","$28,103,550","$30,351,834","$32,600,118","$34,848,402","$37,096,686",1st Round Pick,"$135,801,024"
135,124,Anthony Edwards,MIN,"$9,757,440","$10,245,480","$10,733,400","$13,534,817",,,1st Round Pick,"$20,002,920"
136,125,Al-Farouq Aminu,CHI,"$9,720,900","$10,183,800",,,,,MLE,"$19,904,700"
137,126,Dante Exum,HOU,"$9,600,000",,,,,,Cap Space,"$9,100,000"
138,127,George Hill,PHI,"$9,590,602","$10,047,297",,,,,Cap Space,"$10,866,093"
139,128,Kyle Anderson,MEM,"$9,505,100","$9,937,150",,,,,MLE,"$19,442,250"
140,129,Meyers Leonard,OKC,"$9,400,000",,,,,,,"$9,400,000"
141,130,Derrick Jones Jr.,POR,"$9,268,293","$9,731,707",,,,,MLE,"$19,000,000"
142,131,Jae Crowder,PHO,"$9,258,000","$9,720,900","$10,183,800",,,,MLE,"$29,162,700"
143,132,Derrick Favors,UTA,"$9,258,000","$9,720,900","$10,183,800",,,,MLE,"$18,978,900"
144,133,Montrezl Harrell,LAL,"$9,258,000","$9,720,900",,,,,MLE,"$18,978,900"
145,134,Tristan Thompson,BOS,"$9,258,000","$9,720,900",,,,,MLE,"$18,978,900"
146,135,Serge Ibaka,LAC,"$9,258,000","$9,742,000",,,,,MLE,"$9,258,000"
147,136,Ja Morant,MEM,"$9,166,800","$9,603,360","$12,119,440",,,,1st Round Pick,"$18,770,160"
148,137,Nicolas Batum,CHO,"$11,608,231","$9,043,478","$9,043,478",,,,,"$27,130,434"
149,138,Delon Wright,SAC,"$9,000,000","$8,526,316",,,,,Sign and Trade,"$17,526,316"
150,139,Marvin Bagley III,SAC,"$8,963,640","$11,312,114",,,,,1st Round Pick,"$20,275,754"
151,140,Cedi Osman,CLE,"$8,750,000","$8,050,000","$7,350,000","$6,650,000",,,MLE,"$24,150,000"
152,,,,Salary,Salary,Salary,Salary,Salary,Salary,,
153,Rk,Player,Tm,2020-21,2021-22,2022-23,2023-24,2024-25,2025-26,Signed Using,Guaranteed
154,141,James Wiseman,GSW,"$8,730,240","$9,166,800","$9,603,360","$12,119,440",,,1st Round Pick,"$17,897,040"
155,142,Dario Å ariÄ‡,PHO,"$8,333,333","$9,000,000","$9,666,667",,,,Bird,"$27,000,000"
156,143,Thomas Bryant,WAS,"$8,333,333","$8,730,159",,,,,Early Bird Rights,"$17,063,492"
157,144,Maxi Kleber,DAL,"$8,250,000","$8,750,000","$9,000,000",,,,Early Bird Rights,"$17,000,000"
158,145,RJ Barrett,NYK,"$8,231,760","$8,623,920","$10,900,635",,,,1st Round Pick,"$16,855,680"
159,146,Jakob Poeltl,SAS,"$8,101,852","$8,750,000","$9,398,148",,,,Bird,"$26,250,000"
160,147,De'Aaron Fox,SAC,"$8,099,627","$28,103,550","$30,351,834","$32,600,118","$34,848,402","$37,096,686",1st Round Pick,"$171,100,217"
161,148,Luka DonÄiÄ‡,DAL,"$8,049,360","$10,174,391",,,,,1st Round Pick,"$18,223,751"
162,149,Royce O'Neale,UTA,"$8,035,714","$8,678,571","$9,321,429","$9,964,286",,,Cap space,"$36,000,000"
163,150,Mason Plumlee,DET,"$8,000,000","$8,137,500","$8,525,000",,,,Cap space,"$24,662,500"
164,151,Lou Williams,ATL,"$8,000,000",,,,,,Cap Space,"$8,000,000"
165,152,P.J. Tucker,MIL,"$7,969,537",,,,,,MLE,"$7,969,537"
166,153,Tyus Jones,MEM,"$7,965,100","$7,522,200",,,,,MLE,"$15,487,300"
167,154,LaMelo Ball,CHO,"$7,839,960","$8,231,760","$8,623,920","$10,900,635",,,1st Round Pick,"$16,071,720"
168,155,Seth Curry,PHI,"$7,813,953","$8,186,047","$8,558,140",,,,MLE,"$24,558,140"
169,156,De'Anthony Melton,MEM,"$7,812,500","$8,437,500","$9,062,500","$9,687,500",,,Early Bird,"$35,000,000"
170,157,Derrick Rose,NYK,"$7,682,927",,,,,,MLE,"$7,682,927"
171,158,Cristiano FelÃ­cio,CHI,"$7,529,020",,,,,,Cap space,"$7,529,020"
172,159,Rajon Rondo,LAC,"$7,500,000","$7,500,000",,,,,Cap Space,"$15,000,000"
173,160,De'Andre Hunter,ATL,"$7,422,000","$7,775,400","$9,835,881",,,,1st Round Pick,"$15,197,400"
174,,,,Salary,Salary,Salary,Salary,Salary,Salary,,
175,Rk,Player,Tm,2020-21,2021-22,2022-23,2023-24,2024-25,2025-26,Signed Using,Guaranteed
176,161,Jonathan Isaac,ORL,"$7,362,566","$17,400,000","$17,400,000","$17,400,000","$17,400,000",,1st Round Pick,"$76,962,566"
177,162,Doug McDermott,IND,"$7,333,333",,,,,,Cap Space,"$7,333,333"
178,163,Robin Lopez,WAS,"$7,300,000",,,,,,MLE,"$7,300,000"
179,164,Jaren Jackson Jr.,MEM,"$7,257,360","$9,180,560",,,,,1st Round Pick,"$16,437,920"
180,165,JaMychal Green,DEN,"$7,199,760","$7,559,748",,,,,MLE,"$14,759,508"
181,166,Nemanja Bjelica,MIA,"$7,150,000",,,,,,,
182,167,Patrick Williams,CHI,"$7,068,360","$7,422,000","$7,775,400","$9,835,881",,,1st Round Pick,"$14,490,360"
183,168,Ivica Zubac,LAC,"$7,000,000","$7,518,518","$7,518,518",,,,Bird Rights,"$14,518,518"
184,169,Darius Miller,OKC,"$7,000,000",,,,,,,"$7,000,000"
185,170,Aron Baynes,TOR,"$6,975,610","$7,324,390",,,,,MLE,"$6,975,610"
186,171,Lauri Markkanen,CHI,"$6,731,508",,,,,,1st Round Pick,"$6,731,508"
187,172,Darius Garland,CLE,"$6,720,720","$7,040,880","$8,920,795",,,,1st Round Pick,"$13,761,600"
188,173,D.J. Augustin,HOU,"$6,666,667","$7,000,000","$7,333,333",,,,MLE,"$14,000,000"
189,174,Trae Young,ATL,"$6,571,800","$8,326,471",,,,,1st Round Pick,"$14,898,271"
190,175,Jabari Parker,SAC,"$6,916,834","$2,283,034",,,,,,"$6,500,000"
191,176,Juan HernangÃ³mez,MIN,"$6,493,000","$7,012,440","$7,531,880",,,,Bird,"$13,505,440"
192,177,Chris Boucher,TOR,"$6,490,385","$7,009,615",,,,,Early Bird,"$13,500,000"
193,178,Joakim Noah,NYK,"$6,431,666","$6,431,666",,,,,,"$12,863,332"
194,179,Isaac Okoro,CLE,"$6,400,920","$6,720,720","$7,040,880","$8,920,795",,,1st Round Pick,"$13,121,640"
195,180,Frank Ntilikina,NYK,"$6,176,578",,,,,,1st Round Pick,"$6,176,578"
196,,,,Salary,Salary,Salary,Salary,Salary,Salary,,
197,Rk,Player,Tm,2020-21,2021-22,2022-23,2023-24,2024-25,2025-26,Signed Using,Guaranteed
198,181,DeMarre Carroll,SAS,"$6,167,887","$1,252,127",,,,,,"$7,420,014"
199,182,Ish Smith,WAS,"$6,146,341",,,,,,MLE,"$6,146,341"
200,183,Jarrett Culver,MIN,"$6,104,280","$6,395,160","$8,109,063",,,,1st Round Pick,"$12,499,440"
201,184,Alec Burks,NYK,"$6,000,000",,,,,,Cap Space,"$6,000,000"
202,185,Mo Bamba,ORL,"$5,969,040","$7,568,742",,,,,1st Round Pick,"$13,537,782"
203,186,Onyeka Okongwu,ATL,"$5,813,640","$6,104,280","$6,395,160","$8,109,063",,,1st Round Pick,"$11,917,920"
204,187,Justin Holiday,IND,"$5,720,400","$6,006,420","$6,292,440",,,,Non Bird,"$18,019,260"
205,188,Dennis Smith Jr.,DET,"$5,686,677",,,,,,1st Round Pick,"$5,686,677"
206,189,Avery Bradley,HOU,"$5,635,000","$5,916,750",,,,,MLE,"$5,635,000"
207,190,Timofey Mozgov,ORL,"$5,573,333","$5,573,334",,,,,,"$11,146,667"
208,191,Coby White,CHI,"$5,572,680","$5,837,760","$7,413,955",,,,1st Round Pick,"$5,572,680"
209,192,Trey Lyles,SAS,"$5,500,000",,,,,,,
210,193,Wendell Carter Jr.,ORL,"$5,448,840","$6,920,027",,,,,1st Round Pick,"$5,448,840"
211,194,Zach Collins,POR,"$5,406,255",,,,,,1st Round Pick,"$5,406,255"
212,195,Malik Monk,CHO,"$5,345,687",,,,,,1st Round Pick,"$5,345,687"
213,196,Killian Hayes,DET,"$5,307,120","$5,572,680","$5,837,760","$7,413,955",,,1st Round Pick,"$10,879,800"
214,197,Luke Kennard,LAC,"$5,273,826","$12,727,273","$13,745,455","$14,763,636","$14,763,636",,1st Round Pick,"$46,510,190"
215,198,Ryan Anderson,MIA,"$5,214,583","$5,214,584",,,,,,"$10,429,167"
216,199,Donovan Mitchell,UTA,"$5,195,501","$28,103,550","$30,351,834","$32,600,118","$34,848,402","$37,096,686",1st Round Pick,"$131,099,405"
217,200,Bam Adebayo,MIA,"$5,115,492","$28,103,550","$30,351,834","$32,600,118","$34,848,402","$37,096,686",1st Round Pick,"$168,116,082"
218,,,,Salary,Salary,Salary,Salary,Salary,Salary,,
219,Rk,Player,Tm,2020-21,2021-22,2022-23,2023-24,2024-25,2025-26,Signed Using,Guaranteed
220,201,Jaxson Hayes,NOP,"$5,105,160","$5,348,280","$6,803,012",,,,1st Round Pick,"$5,105,160"
221,202,Justin Jackson,OKC,"$5,029,650",,,,,,,"$5,029,650"
222,203,Richaun Holmes,SAC,"$5,005,350",,,,,,Room Exception,"$5,005,350"
223,204,Enes Kanter,POR,"$5,005,350",,,,,,Room Exception,"$5,005,350"
224,205,Mike Scott,PHI,"$5,005,350",,,,,,Room Exception,"$5,005,350"
225,206,Ed Davis,MIN,"$5,005,350",,,,,,Room Exception,"$5,005,350"
226,207,Rodney McGruder,DET,"$5,000,000","$5,370,370",,,,,Cap Space,"$10,370,370"
227,208,Nerlens Noel,NYK,"$5,000,000",,,,,,Cap Space,"$5,000,000"
228,209,Daniel Theis,CHI,"$5,000,000",,,,,,,
229,210,Collin Sexton,CLE,"$4,991,880","$6,349,671",,,,,1st Round Pick,"$11,341,551"
230,211,Luol Deng,LAL,"$4,990,000","$4,990,000",,,,,,"$9,980,000"
231,212,Pat Connaughton,MIL,"$4,938,272","$5,333,333","$5,728,395",,,,Early Bird,"$10,271,605"
232,213,Obi Toppin,NYK,"$4,862,040","$5,105,160","$5,348,280","$6,803,012",,,1st Round Pick,"$9,967,200"
233,214,Kevon Looney,GSW,"$4,821,429","$5,178,572",,,,,Bird Rights,"$4,821,429"
234,215,Josh Jackson,DET,"$4,767,000","$5,005,350",,,,,Room Exception,"$9,772,350"
235,216,Garrett Temple,CHI,"$4,767,000",,,,,,MLE,"$4,767,000"
236,217,Kris Dunn,ATL,"$4,767,000","$5,005,350",,,,,Room Exception,"$4,767,000"
237,218,Elfrid Payton,NYK,"$5,760,000",,,,,,Cap Space,"$5,760,000"
238,219,Rui Hachimura,WAS,"$4,692,840","$4,916,160","$6,263,188",,,,1st Round Pick,"$9,609,000"
239,220,Denzel Valentine,CHI,"$4,642,800",,,,,,,"$4,642,800"
240,,,,Salary,Salary,Salary,Salary,Salary,Salary,,
241,Rk,Player,Tm,2020-21,2021-22,2022-23,2023-24,2024-25,2025-26,Signed Using,Guaranteed
242,221,Kevin Knox,NYK,"$4,588,680","$5,845,978",,,,,1st Round Pick,"$10,434,658"
243,222,D.J. Wilson,HOU,"$4,548,280",,,,,,1st Round Pick,"$4,548,280"
244,223,Deni Avdija,WAS,"$4,469,160","$4,692,840","$4,916,160","$6,263,188",,,1st Round Pick,"$9,162,000"
245,224,Cam Reddish,ATL,"$4,458,000","$4,670,160","$5,954,454",,,,1st Round Pick,"$9,128,160"
246,225,Mikal Bridges,PHO,"$4,359,000","$5,557,725",,,,,1st Round Pick,"$9,916,725"
247,226,T.J. Leaf,OKC,"$4,326,825",,,,,,,"$4,326,825"
248,227,Jalen Smith,PHO,"$4,245,720","$4,458,000","$4,670,160","$5,954,454",,,1st Round Pick,"$8,703,720"
249,228,Cameron Johnson,PHO,"$4,235,160","$4,437,000","$5,887,899",,,,1st Round Pick,"$8,672,160"
250,229,JaVale McGee,DEN,"$4,200,000",,,,,,Cap Space,"$4,200,000"
251,230,Reggie Bullock,NYK,"$4,200,000",,,,,,Room Exception,"$1,000,000"
252,231,Shai Gilgeous-Alexander,OKC,"$4,141,320","$5,495,532",,,,,1st Round Pick,"$9,636,852"
253,232,John Collins,ATL,"$4,137,302",,,,,,1st Round Pick,"$4,137,302"
254,233,NicolÃ² Melli,DAL,"$4,097,561",,,,,,Room Exception,"$4,097,561"
255,234,Devin Vassell,SAS,"$4,033,440","$4,235,160","$4,437,000","$5,887,899",,,1st Round Pick,"$8,268,600"
256,235,P.J. Washington,CHO,"$4,023,600","$4,215,120","$5,808,435",,,,1st Round Pick,"$8,238,720"
257,236,Willie Cauley-Stein,DAL,"$4,000,000","$4,200,000",,,,,MLE,"$8,200,000"
258,237,Dorian Finney-Smith,DAL,"$4,000,000","$4,000,000",,,,,Bird Rights,"$8,000,000"
259,238,Patrick McCaw,TOR,"$4,000,000",,,,,,,"$4,000,000"
260,239,Terrance Ferguson,NYK,"$3,944,013",,,,,,,"$3,944,013"
261,240,Miles Bridges,CHO,"$3,934,320","$5,421,493",,,,,1st Round Pick,"$9,355,813"
262,,,,Salary,Salary,Salary,Salary,Salary,Salary,,
263,Rk,Player,Tm,2020-21,2021-22,2022-23,2023-24,2024-25,2025-26,Signed Using,Guaranteed
264,241,Jarrett Allen,CLE,"$3,909,902",,,,,,1st Round Pick,"$3,909,902"
265,242,OG Anunoby,TOR,"$3,872,215","$16,071,429","$17,357,143","$18,642,857","$19,928,571",,1st Round Pick,"$75,872,215"
266,243,Gabriel Deck,OKC,"$3,870,000","$3,670,000","$3,480,000","$3,480,000",,,Cap Space,"$3,870,000"
267,244,Tyrese Haliburton,SAC,"$3,831,840","$4,023,600","$4,215,120","$5,808,435",,,1st Round Pick,"$7,855,440"
268,245,Tyler Herro,MIA,"$3,822,240","$4,004,280","$5,722,116",,,,1st Round Pick,"$7,826,520"
269,246,Stanley Johnson,TOR,"$3,801,000",,,,,,Bi-annual Exception,"$3,801,000"
270,247,Jake Layman,MIN,"$3,761,085","$3,940,184",,,,,Sign and Trade,"$7,701,269"
271,248,Jerome Robinson,WAS,"$3,737,520",,,,,,,"$3,737,520"
272,249,Danuel House,HOU,"$3,717,000","$3,894,000",,,,,MLE,"$7,611,000"
273,250,Kira Lewis Jr.,NOP,"$3,640,200","$3,822,240","$4,004,280","$5,722,116",,,1st Round Pick,"$7,462,440"
274,251,Romeo Langford,BOS,"$3,631,200","$3,804,360","$5,634,257",,,,1st Round Pick,"$7,435,560"
275,252,Facundo Campazzo,DEN,"$3,623,000","$3,804,150",,,,,Bi-Annual Exception,"$7,427,150"
276,253,Maurice Harkless,SAC,"$3,623,000",,,,,,MLE,"$3,623,000"
277,254,Bobby Portis,MIL,"$3,623,000","$3,804,150",,,,,Bi-Annual Exception,"$3,623,000"
278,255,Wesley Matthews,LAL,"$3,623,000",,,,,,Bi-Annual Exception,"$3,623,000"
279,256,Kyle Kuzma,LAL,"$3,562,178","$13,000,000","$13,000,000","$13,000,000",,,1st Round Pick,"$29,562,178"
280,257,Michael Porter Jr.,DEN,"$3,550,800","$5,258,735",,,,,1st Round Pick,"$8,809,535"
281,258,Jevon Carter,PHO,"$3,549,383","$3,833,333","$4,117,284",,,,Early Bird,"$11,500,000"
282,259,Tony Bradley,OKC,"$3,542,060",,,,,,1st Round Pick,"$3,542,060"
283,260,Derrick White,SAS,"$3,516,284","$15,178,571","$16,392,857","$17,607,143","$18,821,429",,1st Round Pick,"$71,516,284"
284,,,,Salary,Salary,Salary,Salary,Salary,Salary,,
285,Rk,Player,Tm,2020-21,2021-22,2022-23,2023-24,2024-25,2025-26,Signed Using,Guaranteed
286,261,Mirza TeletoviÄ‡,MIL,"$3,500,000",,,,,,,"$3,500,000"
287,262,Boban MarjanoviÄ‡,DAL,"$3,500,000",,,,,,Bi-Annual Exception,"$3,500,000"
288,263,T.J. McConnell,IND,"$3,500,000",,,,,,Cap Space,"$1,000,000"
289,264,Josh Hart,NOP,"$3,491,159",,,,,,1st Round Pick,"$3,491,159"
290,265,Aaron Nesmith,BOS,"$3,458,400","$3,631,200","$3,804,360","$5,634,257",,,1st Round Pick,"$7,089,600"
291,266,Sekou Doumbouya,DET,"$3,449,400","$3,613,680","$5,539,771",,,,1st Round Pick,"$7,063,080"
292,267,Troy Brown Jr.,CHI,"$3,372,840","$5,170,564",,,,,1st Round Pick,"$8,543,404"
293,268,James Ennis,ORL,"$3,300,000",,,,,,MLE,"$3,300,000"
294,269,Cole Anthony,ORL,"$3,285,120","$3,449,400","$3,613,680","$5,539,771",,,1st Round Pick,"$6,734,520"
295,270,Zhaire Smith,DET,"$3,204,600",,,,,,,"$3,204,600"
296,271,Trey Burke,DAL,"$3,174,603","$3,333,333","$3,492,063",,,,MLE,"$6,507,936"
297,272,Austin Rivers,OKC,"$3,174,603",,,,,,,"$3,174,603"
298,273,Jon Leuer,MIL,"$3,169,348","$3,169,347",,,,,,"$6,338,695"
299,274,Chuma Okeke,ORL,"$3,121,080","$3,277,080","$3,433,320","$5,266,713",,,1st Round Pick,"$6,398,160"
300,275,Isaiah Stewart,DET,"$3,121,080","$3,277,080","$3,433,320","$5,266,713",,,1st Round Pick,"$6,398,160"
301,276,Nickeil Alexander-Walker,NOP,"$3,113,160","$3,261,480","$5,009,633",,,,1st Round Pick,"$3,113,160"
302,277,Patrick Patterson,LAC,"$3,814,768","$737,066",,,,,Non Bird,"$3,077,701"
303,278,Donte DiVincenzo,MIL,"$3,044,160","$4,675,830",,,,,1st Round Pick,"$7,719,990"
304,279,Michael Carter-Williams,ORL,"$3,000,000","$3,000,000",,,,,Early Bird,"$6,000,000"
305,280,Khem Birch,ORL,"$3,425,463",,,,,,,"$3,000,000"
306,,,,Salary,Salary,Salary,Salary,Salary,Salary,,
307,Rk,Player,Tm,2020-21,2021-22,2022-23,2023-24,2024-25,2025-26,Signed Using,Guaranteed
308,281,Ryan Arcidiacono,CHI,"$3,000,000","$3,000,000",,,,,Cap space,"$3,000,000"
309,282,Aleksej Pokusevski,OKC,"$2,964,840","$3,113,160","$3,261,480","$5,009,633",,,1st Round Pick,"$6,078,000"
310,283,Goga Bitadze,IND,"$2,957,520","$3,098,400","$4,765,339",,,,1st Round Pick,"$6,055,920"
311,284,Lonnie Walker,SAS,"$2,892,000","$4,447,896",,,,,1st Round Pick,"$7,339,896"
312,285,Dewayne Dedmon,DET,"$3,447,478","$2,866,667","$2,866,667","$2,866,667","$2,866,667",,,"$14,333,335"
313,286,Andrew Nicholson,POR,"$2,844,429","$2,844,429","$2,844,429","$2,844,429",,,,"$11,377,716"
314,287,Luka Å amaniÄ‡,SAS,"$2,824,320","$2,959,080","$4,556,983",,,,1st Round Pick,"$5,783,400"
315,288,Josh Green,DAL,"$2,816,760","$2,957,520","$3,098,400","$4,765,339",,,1st Round Pick,"$5,774,280"
316,289,Kevin Huerter,ATL,"$2,761,920","$4,253,357",,,,,1st Round Pick,"$7,015,277"
317,290,Marko Guduric,MEM,"$2,750,000",,,,,,,"$2,750,000"
318,291,Alex Caruso,LAL,"$2,750,000",,,,,,Room Exception,"$2,750,000"
319,292,Matisse Thybulle,PHI,"$2,711,280","$2,840,160","$4,379,527",,,,1st Round Pick,"$5,551,440"
320,293,Saddiq Bey,DET,"$2,689,920","$2,824,320","$2,959,080","$4,556,983",,,1st Round Pick,"$5,514,240"
321,294,Josh Okogie,MIN,"$2,651,040","$4,087,904",,,,,1st Round Pick,"$6,738,944"
322,295,Vincent Poirier,NYK,"$2,619,207",,,,,,,"$2,619,207"
323,296,Brandon Clarke,MEM,"$2,602,920","$2,726,880","$4,343,920",,,,1st Round Pick,"$5,329,800"
324,297,Precious Achiuwa,MIA,"$2,582,160","$2,711,280","$2,840,160","$4,379,527",,,1st Round Pick,"$5,293,440"
325,298,Marc Gasol,LAL,"$2,564,753","$2,692,991",,,,,Minimum Salary,"$5,257,744"
326,299,Carmelo Anthony,POR,"$2,564,753",,,,,,Minimum Salary,"$2,564,753"
327,300,Dwight Howard,PHI,"$2,564,753",,,,,,Minimum Salary,"$2,564,753"
328,,,,Salary,Salary,Salary,Salary,Salary,Salary,,
329,Rk,Player,Tm,2020-21,2021-22,2022-23,2023-24,2024-25,2025-26,Signed Using,Guaranteed
330,301,Jeff Teague,ORL,"$3,372,826",,,,,,,"$2,564,753"
331,302,Udonis Haslem,MIA,"$2,564,753",,,,,,Minimum Salary,"$2,564,753"
332,303,Jared Dudley,LAL,"$2,564,753",,,,,,Minimum Salary,"$2,564,753"
333,304,Nicolas Batum,LAC,"$11,608,231","$9,043,478","$9,043,478",,,,Minimum Salary,"$2,564,753"
334,305,Wayne Ellington,DET,"$3,005,225",,,,,,Minimum Salary,"$2,564,753"
335,306,J.J. Barea,DAL,"$2,564,753",,,,,,,"$2,564,753"
336,307,Jeff Green,BRK,"$2,564,753",,,,,,Minimum Salary,"$2,564,753"
337,308,Grayson Allen,MEM,"$2,545,320","$4,054,695",,,,,1st Round Pick,"$6,600,015"
338,309,Grant Williams,BOS,"$2,498,760","$2,617,800","$4,306,281",,,,1st Round Pick,"$5,116,560"
339,310,Tyrese Maxey,PHI,"$2,478,840","$2,602,920","$2,726,880","$4,343,920",,,1st Round Pick,"$5,081,760"
340,311,Chandler Hutchison,WAS,"$2,443,440","$4,019,459",,,,,1st Round Pick,"$2,443,440"
341,312,Darius Bazley,OKC,"$2,399,160","$2,513,040","$4,264,629",,,,1st Round Pick,"$4,912,200"
342,313,Zeke Nnaji,DEN,"$2,379,840","$2,498,760","$2,617,800","$4,306,281",,,1st Round Pick,"$4,878,600"
343,314,Aaron Holiday,IND,"$2,345,640","$3,980,551",,,,,1st Round Pick,"$6,326,191"
344,315,Bryn Forbes,MIL,"$2,337,145","$2,454,002",,,,,MLE,"$2,337,145"
345,316,E'Twaun Moore,PHO,"$2,331,593",,,,,,Minimum Salary,"$2,331,593"
346,317,Markieff Morris,LAL,"$2,331,593",,,,,,Minimum Salary,"$2,331,593"
347,318,Reggie Jackson,LAC,"$2,331,593",,,,,,Minimum Salary,"$2,331,593"
348,319,DeMarcus Cousins,HOU,"$2,666,959",,,,,,,"$2,331,593"
349,320,Bismack Biyombo,CHO,"$2,331,593",,,,,,Minimum Salary,"$2,331,593"
350,,,,Salary,Salary,Salary,Salary,Salary,Salary,,
351,Rk,Player,Tm,2020-21,2021-22,2022-23,2023-24,2024-25,2025-26,Signed Using,Guaranteed
352,321,Hassan Whiteside,SAC,"$2,320,044",,,,,,Minimum Salary,"$2,320,044"
353,322,Kent Bazemore,GSW,"$2,320,044",,,,,,Minimum Salary,"$2,320,044"
354,323,Alex Len,TOR,"$4,032,648",,,,,,,"$2,320,000"
355,324,Luke Kornet,BOS,"$2,304,878",,,,,,Room Exception,"$2,304,878"
356,325,Ty Jerome,OKC,"$2,303,040","$2,412,840","$4,220,057",,,,1st Round Pick,"$4,715,880"
357,326,Taj Gibson,NYK,"$3,283,684",,,,,,Minimum Salary,"$1,000,000"
358,327,Mike Muscala,OKC,"$2,283,034",,,,,,Minimum Salary,"$2,283,034"
359,328,Ben McLemore,HOU,"$2,852,708",,,,,,,"$2,283,034"
360,329,Anfernee Simons,POR,"$2,252,040","$3,938,818",,,,,1st Round Pick,"$6,190,858"
361,330,Brad Wanamaker,CHO,"$2,250,000",,,,,,Mini MLE,"$2,250,000"
362,331,Monta Ellis,IND,"$2,245,400","$2,245,400",,,,,,"$4,490,800"
363,332,Nassir Little,POR,"$2,210,640","$2,316,240","$4,171,548",,,,1st Round Pick,"$4,526,880"
364,333,R.J. Hampton,ORL,"$2,193,480","$2,303,040","$2,412,840","$4,220,057",,,1st Round Pick,"$4,496,520"
365,334,Matthew Dellavedova,CLE,"$2,174,318",,,,,,Minimum Salary,"$2,174,318"
366,335,Solomon Hill,ATL,"$2,174,318",,,,,,Cap Space,"$2,174,318"
367,336,Moritz Wagner,BOS,"$2,383,915",,,,,,,"$2,161,920"
368,337,Edmond Sumner,IND,"$2,160,000","$2,320,000",,,,,Cap Space,"$2,160,000"
369,338,Dylan Windler,CLE,"$2,137,440","$2,239,200","$4,037,278",,,,1st Round Pick,"$4,376,640"
370,339,Immanuel Quickley,NYK,"$2,105,520","$2,210,640","$2,316,240","$4,171,548",,,1st Round Pick,"$4,316,160"
371,340,John Konchar,MEM,"$2,093,023","$2,197,674","$2,302,326","$2,406,977",,,MLE,"$9,000,000"
372,,,,Salary,Salary,Salary,Salary,Salary,Salary,,
373,Rk,Player,Tm,2020-21,2021-22,2022-23,2023-24,2024-25,2025-26,Signed Using,Guaranteed
374,341,Landry Shamet,BRK,"$2,090,040","$3,768,342",,,,,1st Round Pick,"$5,858,382"
375,342,Mfiondu Kabengele,SAC,"$2,075,880",,,,,,,"$2,075,880"
376,343,Jordan Poole,GSW,"$2,063,280","$2,161,440","$3,901,399",,,,1st Round Pick,"$4,224,720"
377,344,Bol Bol,DEN,"$2,058,240","$2,161,152",,,,,MLE,"$4,219,392"
378,345,Keldon Johnson,SAS,"$2,048,040","$2,145,720","$3,873,025",,,,1st Round Pick,"$4,193,760"
379,346,Payton Pritchard,BOS,"$2,035,800","$2,137,440","$2,239,200","$4,037,278",,,1st Round Pick,"$4,173,240"
380,347,Kevin Porter Jr.,HOU,"$2,033,160","$2,130,240","$3,845,083",,,,1st Round Pick,"$4,163,400"
381,348,Robert Williams,BOS,"$2,029,920","$3,661,976",,,,,1st Round Pick,"$5,691,896"
382,349,Langston Galloway,PHO,"$2,028,594",,,,,,Minimum Salary,"$2,028,594"
383,350,Tyler Johnson,BRK,"$2,028,594",,,,,,Minimum Salary,"$2,028,594"
384,351,Jacob Evans,NYK,"$2,017,320",,,,,,,"$2,017,320"
385,352,Gary Clark,DEN,"$2,000,000","$2,100,000",,,,,,"$4,100,000"
386,353,ThÃ©o Maledon,OKC,"$2,000,000","$2,000,000","$1,900,000","$1,930,681",,,MLE,"$4,000,000"
387,354,Kenrich Williams,OKC,"$2,000,000","$2,000,000","$2,000,000",,,,Sign and Trade,"$2,000,000"
388,355,Damyean Dotson,CLE,"$2,000,000","$2,000,000",,,,,MLE,"$2,000,000"
389,356,Omari Spellman,NYK,"$1,988,280",,,,,,,"$1,988,280"
390,357,Cameron Payne,PHO,"$1,977,011",,,,,,Minimum Salary,"$1,977,011"
391,358,Udoka Azubuike,UTA,"$1,977,000","$2,075,880","$2,174,880","$3,923,484",,,1st Round Pick,"$4,052,880"
392,359,Jaden McDaniels,MIN,"$1,964,760","$2,063,280","$2,161,440","$3,901,399",,,1st Round Pick,"$4,028,040"
393,360,Malachi Flynn,TOR,"$1,950,600","$2,048,040","$2,145,720","$3,873,025",,,1st Round Pick,"$3,998,640"
394,,,,Salary,Salary,Salary,Salary,Salary,Salary,,
395,Rk,Player,Tm,2020-21,2021-22,2022-23,2023-24,2024-25,2025-26,Signed Using,Guaranteed
396,361,Desmond Bane,MEM,"$1,936,440","$2,033,160","$2,130,240","$3,845,083",,,1st Round Pick,"$3,969,600"
397,362,Anderson VarejÃ£o,POR,"$1,913,345",,,,,,,"$1,913,345"
398,363,Jontay Porter,MEM,"$1,904,762","$2,000,000","$2,095,238",,,,MLE,"$6,000,000"
399,364,Jahlil Okafor,DET,"$1,882,867","$2,130,023",,,,,Minimum Salary,"$4,012,890"
400,365,Raul Neto,WAS,"$1,882,867",,,,,,Minimum Salary,"$1,882,867"
401,366,JaKarr Sampson,IND,"$1,882,867",,,,,,Minimum Salary,"$1,882,867"
402,367,Jerian Grant,HOU,"$1,882,867",,,,,,,"$1,882,867"
403,368,Frank Kaminsky,PHO,"$1,882,867",,,,,,,
404,369,Larry Sanders,MIL,"$1,865,547","$1,865,547",,,,,,"$3,731,094"
405,370,David Nwaba,HOU,"$1,862,250",,,,,,MLE,"$1,862,250"
406,371,Marquese Chriss,SAS,"$1,824,003",,,,,,,"$1,824,003"
407,372,TimothÃ© Luwawu-Cabarrot,BRK,"$1,824,003",,,,,,,
408,373,Georges Niang,UTA,"$1,783,557",,,,,,,
409,374,Rodions Kurucs,MIL,"$1,780,152","$1,861,068",,,,,Cap space,"$1,780,152"
410,375,Damion Lee,GSW,"$1,762,796","$1,910,860",,,,,MLE,"$600,000"
411,376,Furkan Korkmaz,PHI,"$1,762,796",,,,,,,
412,377,Alfonzo McKinnie,LAL,"$1,762,796","$1,910,860","$2,165,298",,,,,
413,378,Abdel Nader,PHO,"$1,752,950",,,,,,Cap Space,"$1,752,950"
414,379,Semi Ojeleye,BOS,"$1,752,950",,,,,,Cap space,"$1,752,950"
415,380,DeAndre' Bembry,TOR,"$1,737,145","$1,977,011",,,,,Minimum Salary,"$1,737,145"
416,,,,Salary,Salary,Salary,Salary,Salary,Salary,,
417,Rk,Player,Tm,2020-21,2021-22,2022-23,2023-24,2024-25,2025-26,Signed Using,Guaranteed
418,381,Willy HernangÃ³mez,NOP,"$1,727,145",,,,,,Minimum Salary,"$700,000"
419,382,Alex Len,WAS,"$4,032,648",,,,,,,
420,383,Shake Milton,PHI,"$1,701,593","$1,846,738","$1,997,718",,,,Cap Space,"$3,548,331"
421,384,Thanasis Antetokounmpo,MIL,"$1,701,593",,,,,,Minimum Salary,"$1,701,593"
422,385,Brandon Goodwin,ATL,"$1,701,593",,,,,,,
423,386,Wesley Iwundu,NOP,"$1,678,854","$1,824,003",,,,,Minimum Salary,"$3,502,857"
424,387,Harry Giles,POR,"$1,678,854",,,,,,Minimum Salary,"$1,678,854"
425,388,Torrey Craig,PHO,"$1,678,854",,,,,,Minimum Salary,"$1,678,854"
426,389,Dwayne Bacon,ORL,"$1,678,854","$1,824,003",,,,,Minimum Salary,"$1,678,854"
427,390,Sterling Brown,HOU,"$1,678,854",,,,,,Minimum Salary,"$1,678,854"
428,391,Monte Morris,DEN,"$1,663,861","$8,333,333","$9,000,000","$9,666,667",,,Minimum Salary,"$27,000,000"
429,392,Gary Trent Jr.,TOR,"$1,663,861",,,,,,MLE,"$1,663,861"
430,393,Sviatoslav Mykhailiuk,OKC,"$1,663,861",,,,,,Cap Space,"$1,663,861"
431,394,Mitchell Robinson,NYK,"$1,663,861","$1,802,057",,,,,MLE,"$1,663,861"
432,395,Kendrick Nunn,MIA,"$1,663,861",,,,,,Minimum Salary,"$1,663,861"
433,396,Duncan Robinson,MIA,"$1,663,861",,,,,,MLE,"$1,663,861"
434,397,Hamidou Diallo,DET,"$1,663,861",,,,,,MLE,"$1,663,861"
435,398,Jalen Brunson,DAL,"$1,663,861","$1,802,057",,,,,Cap Space,"$1,663,861"
436,399,Isaac Bonga,WAS,"$1,663,861",,,,,,,
437,400,Jarred Vanderbilt,MIN,"$1,663,861",,,,,,,
438,,,,Salary,Salary,Salary,Salary,Salary,Salary,,
439,Rk,Player,Tm,2020-21,2021-22,2022-23,2023-24,2024-25,2025-26,Signed Using,Guaranteed
440,401,Devonte' Graham,CHO,"$1,663,861",,,,,,,
441,402,Bruce Brown,BRK,"$1,663,861",,,,,,,
442,403,Drew Eubanks,SAS,"$1,620,564","$1,762,796","$1,910,860",,,,Minimum Salary,"$2,120,564"
443,404,Josh Gray,OKC,"$1,620,564",,,,,,,"$1,620,564"
444,405,Wenyen Gabriel,NOP,"$1,620,564","$1,762,796",,,,,Minimum Salary,"$1,620,564"
445,406,Terance Mann,LAC,"$1,517,984","$1,782,621","$1,930,681",,,,Minimum Salary,"$1,517,984"
446,407,KZ Okpala,MIA,"$1,517,981","$1,782,621",,,,,MLE,"$3,300,602"
447,408,Eric Paschall,GSW,"$1,517,981","$1,782,621",,,,,MLE,"$3,300,602"
448,409,Cody Martin,CHO,"$1,517,981","$1,782,621",,,,,MLE,"$3,300,602"
449,410,Nicolas Claxton,BRK,"$1,517,981","$1,782,621",,,,,Minimum Salary,"$3,300,602"
450,411,Carsen Edwards,BOS,"$1,517,981","$1,782,621","$1,930,681",,,,Cap space,"$3,300,602"
451,412,Bruno Fernando,ATL,"$1,517,981","$1,782,621",,,,,Cap space,"$3,300,602"
452,413,Luguentz Dort,OKC,"$1,517,981","$1,782,621","$1,930,681",,,,Minimum Salary,"$2,142,981"
453,414,Admiral Schofield,OKC,"$1,517,981","$300,000",,,,,,"$1,817,981"
454,415,Daniel Gafford,WAS,"$1,517,981","$1,782,621","$1,930,681",,,,Minimum Salary,"$1,517,981"
455,416,Chris Silva,SAC,"$1,517,981",,,,,,,"$1,517,981"
456,417,Justin James,SAC,"$1,517,981","$1,782,621",,,,,Minimum Salary,"$1,517,981"
457,418,Ignas Brazdeikis,PHI,"$1,517,981",,,,,,,"$1,517,981"
458,419,Isaiah Roby,OKC,"$1,517,981","$1,782,621","$1,930,681",,,,MLE,"$1,517,981"
459,420,Talen Horton-Tucker,LAL,"$1,517,981",,,,,,Minimum Salary,"$1,517,981"
460,,,,Salary,Salary,Salary,Salary,Salary,Salary,,
461,Rk,Player,Tm,2020-21,2021-22,2022-23,2023-24,2024-25,2025-26,Signed Using,Guaranteed
462,421,Jalen Lecque,IND,"$1,517,981",,,,,,,"$1,517,981"
463,422,Chris Clemons,HOU,"$1,517,981",,,,,,,"$1,517,981"
464,423,Alen SmailagiÄ‡,GSW,"$1,517,981","$1,782,621","$1,930,681",,,,MLE,"$1,517,581"
465,424,Matt Thomas,UTA,"$1,517,981","$1,782,621",,,,,MLE,"$725,000"
466,425,Miye Oni,UTA,"$1,517,981","$1,782,621",,,,,,
467,426,Terence Davis,SAC,"$1,517,981",,,,,,,
468,427,Naz Reid,MIN,"$1,517,981","$1,782,621","$1,930,681",,,,,
469,428,Jaylen Nowell,MIN,"$1,517,981","$1,782,621","$1,930,681",,,,,
470,429,Mychal Mulder,GSW,"$1,517,981","$1,782,621",,,,,,
471,430,Dean Wade,CLE,"$1,517,981","$1,782,621","$1,930,681",,,,,
472,431,Jalen McDaniels,CHO,"$1,517,981","$1,782,621","$1,930,681",,,,,
473,432,Caleb Martin,CHO,"$1,517,981","$1,782,621",,,,,,
474,433,Javonte Green,CHI,"$1,517,981",,,,,,,
475,434,Robert Woodard,SAC,"$1,500,000","$1,517,981","$1,782,621","$1,930,681",,,MLE,"$3,317,981"
476,435,J.R. Smith,CLE,"$1,456,667","$1,456,666",,,,,,"$2,913,333"
477,436,Jae'Sean Tate,HOU,"$1,445,967","$1,517,981","$1,782,621",,,,MLE,"$50,000"
478,437,Zylan Cheatham,OKC,"$1,445,697",,,,,,,"$1,445,697"
479,438,DaQuan Jeffries,HOU,"$1,445,697","$1,701,593",,,,,Minimum Salary,"$1,445,697"
480,439,Isaiah Hartenstein,CLE,"$1,445,697","$1,701,593",,,,,Minimum Salary,"$1,445,697"
481,440,Zach Norvell,CHI,"$1,445,697",,,,,,,"$1,445,697"
482,,,,Salary,Salary,Salary,Salary,Salary,Salary,,
483,Rk,Player,Tm,2020-21,2021-22,2022-23,2023-24,2024-25,2025-26,Signed Using,Guaranteed
484,441,Kelan Martin,IND,"$1,445,697","$1,701,593",,,,,Minimum Salary,"$722,848"
485,442,Paul Watson,TOR,"$1,445,697","$1,701,593",,,,,Minimum Salary,"$350,000"
486,443,Vernon Carey Jr.,CHO,"$1,350,000","$1,517,981","$1,782,621","$1,930,681",,,Cap Space,"$4,650,602"
487,444,Xavier Tillman Sr.,MEM,"$1,300,000","$1,517,981","$1,782,621","$1,930,681",,,MLE,"$4,600,602"
488,445,Tyrell Terry,DAL,"$1,289,846","$1,517,981","$1,782,621","$1,930,681",,,MLE,"$4,590,448"
489,446,Blake Griffin,BRK,"$33,685,241","$29,764,126",,,,,Minimum Salary,"$1,229,676"
490,447,Ersan Ä°lyasova,UTA,"$1,194,542",,,,,,Minimum Salary,"$1,194,542"
491,448,Guerschon Yabusele,BOS,"$1,039,080","$1,039,080",,,,,,"$2,078,160"
492,449,Elfrid Payton,NYK,"$5,760,000",,,,,,,"$5,760,000"
493,450,Jahmi'us Ramsey,SAC,"$1,000,000","$1,517,981","$1,782,621",,,,MLE,"$2,517,981"
494,451,Quinn Cook,LAL,"$1,797,183",,,,,,,"$1,797,183"
495,452,Gorgui Dieng,SAS,"$17,587,688",,,,,,MLE,"$1,000,000"
496,453,Taj Gibson,NYK,"$3,283,684",,,,,,,"$1,000,000"
497,454,Nick Richards,CHO,"$1,000,000",,,,,,Cap Space,"$1,000,000"
498,455,Kyle Singler,OKC,"$999,200","$999,200","$999,200",,,,,"$2,997,600"
499,456,Glenn Robinson III,SAC,"$930,930",,,,,,,"$930,930"
500,457,Deividas Sirvydis,DET,"$898,310","$1,517,981","$1,782,621",,,,Cap Space,"$4,198,912"
501,458,Elijah Hughes,UTA,"$898,310","$1,517,981",,,,,Minimum Salary,"$2,416,291"
502,459,Tre Jones,SAS,"$898,310","$1,517,981","$1,782,621",,,,MLE,"$2,416,291"
503,460,CJ Elleby,POR,"$898,310","$1,517,981",,,,,Minimum Salary,"$2,416,291"
504,,,,Salary,Salary,Salary,Salary,Salary,Salary,,
505,Rk,Player,Tm,2020-21,2021-22,2022-23,2023-24,2024-25,2025-26,Signed Using,Guaranteed
506,461,Isaiah Joe,PHI,"$898,310","$1,517,981","$1,782,621",,,,MLE,"$2,416,291"
507,462,Jordan Nwora,MIL,"$898,310","$1,517,981",,,,,Minimum Salary,"$2,416,291"
508,463,Daniel Oturu,LAC,"$898,310","$1,517,981",,,,,Minimum Salary,"$2,416,291"
509,464,Sam Merrill,MIL,"$898,310","$1,517,981",,,,,Minimum Salary,"$1,398,310"
510,465,Anthony Gill,WAS,"$898,310","$1,517,981",,,,,Minimum Salary,"$898,310"
511,466,Kenyon Martin Jr.,HOU,"$898,310","$1,517,981","$1,782,621","$1,930,681",,,MLE,"$898,310"
512,467,Vlatko ÄŒanÄar,DEN,"$898,310","$1,782,621",,,,,MLE,"$898,310"
513,468,LaMarcus Aldridge,BRK,"$19,078,340",,,,,,,"$878,340"
514,469,Jeff Teague,MIL,"$3,372,826",,,,,,,"$808,073"
515,470,Quinn Cook,LAL,"$1,797,183",,,,,,,"$1,797,183"
516,471,Andre Drummond,LAL,"$29,546,311",,,,,,Minimum Salary,"$794,536"
517,472,Damian Jones,PHO,"$1,023,250","$1,977,011",,,,,,"$785,285"
518,473,Shaquille Harrison,UTA,"$770,433",,,,,,,"$770,433"
519,474,Sindarius Thornwell,NOP,"$747,435",,,,,,,"$747,435"
520,475,Khyri Thomas,ATL,"$744,684",,,,,,,"$744,684"
521,476,Patrick Patterson,OKC,"$3,814,768","$737,066",,,,,,"$1,474,133"
522,477,Chimezie Metu,SAC,"$700,000","$1,762,796","$1,910,860",,,,MLE,"$750,000"
523,478,Cole Aldrich,MIN,"$685,340",,,,,,,"$685,340"
524,479,Shaun Livingston,GSW,"$666,667","$1,333,332",,,,,,"$1,999,999"
525,480,Dewayne Dedmon,MIA,"$3,447,478","$2,866,667","$2,866,667","$2,866,667","$2,866,667",,Minimum Salary,"$580,811"
526,,,,Salary,Salary,Salary,Salary,Salary,Salary,,
527,Rk,Player,Tm,2020-21,2021-22,2022-23,2023-24,2024-25,2025-26,Signed Using,Guaranteed
528,481,Ben McLemore,LAL,"$2,852,708",,,,,,Minimum Salary,"$569,674"
529,482,Mamadi Diakite,MIL,"$529,341","$1,517,981","$1,782,621",,,,,"$529,341"
530,483,Norvel Pelle,NYK,"$717,845","$1,701,593","$1,846,738",,,,Cap Space,"$500,000"
531,484,Moses Brown,OKC,"$495,102","$1,701,593","$1,846,738","$1,997,718",,,MLE,"$495,102"
532,485,Dakari Johnson,MEM,"$459,414",,,,,,,"$459,414"
533,486,Iman Shumpert,BRK,"$447,155",,,,,,,"$447,155"
534,487,Wayne Ellington,NYK,"$3,005,225",,,,,,,"$440,472"
535,488,Khem Birch,TOR,"$3,425,463",,,,,,Minimum Salary,"$425,463"
536,489,Jabari Parker,BOS,"$6,916,834","$2,283,034",,,,,Minimum Salary,"$416,834"
537,490,Alize Johnson,BRK,"$399,591","$1,762,796","$1,910,860",,,,Mini MLE,"$399,591"
538,491,Bruno Caboclo,HOU,"$361,256",,,,,,,"$361,256"
539,492,A.J. Hammons,MIA,"$350,087",,,,,,,"$350,087"
540,493,AnÅ¾ejs PaseÄÅ†iks,WAS,"$350,000",,,,,,,"$350,000"
541,494,Rayjon Tucker,CLE,"$340,000",,,,,,,"$340,000"
542,495,DeMarcus Cousins,LAC,"$2,666,959",,,,,,Minimum Salary,"$335,366"
543,496,Yuta Watanabe,TOR,"$321,893","$1,762,769",,,,,Minimum Salary,"$321,893"
544,497,Thon Maker,CLE,"$309,355",,,,,,,"$309,355"
545,498,Oshae Brissett,TOR,"$557,453","$1,701,593","$1,846,738",,,,,"$300,000"
546,499,Noah Vonleh,BRK,"$263,995",,,,,,,"$263,995"
547,500,Oshae Brissett,IND,"$557,453","$1,701,593","$1,846,738",,,,MLE,"$257,453"
548,,,,Salary,Salary,Salary,Salary,Salary,Salary,,
549,Rk,Player,Tm,2020-21,2021-22,2022-23,2023-24,2024-25,2025-26,Signed Using,Guaranteed
550,501,Frank Jackson,OKC,,,,,,,,"$250,000"
551,502,Rondae Hollis-Jefferson,POR,"$245,031",,,,,,Minimum Salary,"$245,031"
552,503,Damian Jones,SAC,"$1,023,250","$1,977,011",,,,,Minimum Salary,"$237,965"
553,504,Moritz Wagner,ORL,"$2,383,915",,,,,,Minimum Salary,"$221,995"
554,505,Norvel Pelle,BRK,"$717,845","$1,701,593","$1,846,738",,,,,"$217,845"
555,506,Andre Roberson,BRK,"$152,839",,,,,,,"$152,839"
556,507,Justin Anderson,PHI,"$125,000",,,,,,,"$125,000"
557,508,Didi Louzada,NOP,"$123,056","$1,517,981",,,,,Minimum Salary,"$123,056"
558,509,Troy Williams,HOU,"$122,741","$122,741","$122,741",,,,,"$368,223"
559,510,Freddie Gillespie,TOR,"$116,903","$1,517,981",,,,,Minimum Salary,"$116,903"
560,511,Demetrius Jackson,BOS,"$92,857","$92,857","$92,857","$92,857",,,,"$371,428"
561,512,Chimezie Metu,SAC,"$700,000","$1,762,796","$1,910,860",,,,,"$750,000"
562,513,Henry Ellenson,TOR,"$50,000",,,,,,,"$50,000"
